{
  "next-env.d.ts": 1777377994.3477235,
  "next.config.ts": 1777210182.6071463,
  "src\\middleware.ts": 1777395346.9807749,
  "src\\app\\layout.tsx": 1777383882.6134374,
  "src\\app\\providers.tsx": 1777061331.6110065,
  "src\\app\\(auth)\\page.tsx": 1777395363.459466,
  "src\\app\\(auth)\\callback\\route.ts": 1777395337.2148829,
  "src\\app\\(auth)\\onboarding\\page.tsx": 1777395548.7251709,
  "src\\app\\api\\google-calendar\\route.ts": 1777203317.9752676,
  "src\\app\\api\\luna\\route.ts": 1777203318.1442072,
  "src\\app\\api\\studio\\route.ts": 1777395554.7413073,
  "src\\app\\api\\whatsapp\\route.ts": 1777203318.0654924,
  "src\\app\\dashboard\\layout.tsx": 1777384255.514619,
  "src\\app\\dashboard\\loading.tsx": 1777203317.233003,
  "src\\app\\dashboard\\page.tsx": 1777383709.710283,
  "src\\app\\dashboard\\calendar\\loading.tsx": 1777203317.3919816,
  "src\\app\\dashboard\\calendar\\page.tsx": 1777388126.6307797,
  "src\\app\\dashboard\\clients\\loading.tsx": 1777203317.5343654,
  "src\\app\\dashboard\\clients\\page.tsx": 1777203317.5100253,
  "src\\app\\dashboard\\clients\\[clientId]\\page.tsx": 1777203317.6240735,
  "src\\app\\dashboard\\finance\\page.tsx": 1777203317.811668,
  "src\\app\\dashboard\\services\\page.tsx": 1777203317.7233915,
  "src\\app\\dashboard\\settings\\page.tsx": 1777203317.8920405,
  "src\\components\\calendar\\appointment-dialog.tsx": 1777388118.4680731,
  "src\\components\\calendar\\calendar-header.tsx": 1777385489.0592437,
  "src\\components\\calendar\\calendar-view.tsx": 1777385660.8875742,
  "src\\components\\calendar\\day-view.tsx": 1777385652.5578878,
  "src\\components\\calendar\\month-view.tsx": 1777217610.445624,
  "src\\components\\calendar\\week-view.tsx": 1777388120.7258,
  "src\\components\\clients\\client-list.tsx": 1777204621.294458,
  "src\\components\\clients\\client-profile.tsx": 1777203253.8636644,
  "src\\components\\finance\\finance-overview.tsx": 1777204656.6286943,
  "src\\components\\layout\\bottom-nav.tsx": 1777217426.9369335,
  "src\\components\\layout\\dashboard-shell.tsx": 1777383866.2160077,
  "src\\components\\layout\\user-menu.tsx": 1777383786.2973492,
  "src\\components\\luna\\luna-widget.tsx": 1777375582.4892528,
  "src\\components\\ui\\alert-dialog.tsx": 1777214384.7201655,
  "src\\components\\ui\\avatar.tsx": 1777214427.483718,
  "src\\components\\ui\\badge.tsx": 1777215565.1217692,
  "src\\components\\ui\\button.tsx": 1777216677.8226745,
  "src\\components\\ui\\calendar.tsx": 1777060744.1184208,
  "src\\components\\ui\\card.tsx": 1777060742.7531555,
  "src\\components\\ui\\carousel.tsx": 1777214919.306888,
  "src\\components\\ui\\combobox.tsx": 1777215088.5704796,
  "src\\components\\ui\\dialog.tsx": 1777060743.8804946,
  "src\\components\\ui\\drawer.tsx": 1777060743.335014,
  "src\\components\\ui\\input-group.tsx": 1777215088.3010693,
  "src\\components\\ui\\input.tsx": 1777215321.6296895,
  "src\\components\\ui\\label.tsx": 1777215285.5841913,
  "src\\components\\ui\\pagination.tsx": 1777215088.1652083,
  "src\\components\\ui\\select.tsx": 1777060743.1998053,
  "src\\components\\ui\\separator.tsx": 1777215087.3190744,
  "src\\components\\ui\\sheet.tsx": 1777060743.713364,
  "src\\components\\ui\\skeleton.tsx": 1777060743.5722027,
  "src\\components\\ui\\spinner.tsx": 1777215087.5679247,
  "src\\components\\ui\\table.tsx": 1777215086.949124,
  "src\\components\\ui\\textarea.tsx": 1777215087.6800473,
  "src\\hooks\\useClients.ts": 1777203253.5397959,
  "src\\hooks\\useFinance.ts": 1777203253.5986314,
  "src\\hooks\\useGoogleCalendar.ts": 1777203253.5734236,
  "src\\hooks\\useLuna.ts": 1777203253.6274183,
  "src\\lib\\baileys.ts": 1777203253.650567,
  "src\\lib\\google-calendar.ts": 1777203192.5799234,
  "src\\lib\\luna.ts": 1777203253.6747322,
  "src\\lib\\supabase-browser.ts": 1777395328.028537,
  "src\\lib\\supabase-server.ts": 1777395596.3429368,
  "src\\lib\\supabase.ts": 1777395317.5491962,
  "src\\lib\\utils.ts": 1777060721.375077,
  "src\\store\\dashboardUIStore.ts": 1777203253.4424932,
  "src\\store\\lunaUIStore.ts": 1777203253.4668632,
  "src\\types\\index.ts": 1777395308.855488,
  "AGENTS.md": 1777060675.527995,
  "CLAUDE.md": 1777200910.5969152,
  "README.md": 1776371485.007979,
  "docs\\superpowers\\plans\\2026-04-28-auth-onboarding.md": 1777395156.6589239,
  "docs\\superpowers\\specs\\2026-04-28-auth-onboarding-design.md": 1777394962.5691092,
  "supabase\\README.md": 1777078018.4036596,
  "public\\file.svg": 1776371485.038784,
  "public\\globe.svg": 1776371485.046817,
  "public\\next.svg": 1776371485.055851,
  "public\\vercel.svg": 1776371485.062361,
  "public\\window.svg": 1776371485.066895,
  "src\\assets\\bellu_icon.svg": 1777210082.4352794,
  "src\\assets\\logo-bellu.png": 1777211415.4417474
}